id,development,building,beds,asking_price,listed_sqft,first_newbuild_sale,lease_post_jun2022
92354760,Millbrook Park,"Fellow House, Maurice Browne Ave",1,400000,,2021-04,0
173368133,Millbrook Park,"Fellow House, Maurice Browne Ave",1,345000,,2021-04,0
91513362,Millbrook Park,"Anemone Apartments, Bittacy Hill",1,390000,,2021-01,0
93576240,Millbrook Park,"Buttercup Apartments, Bittacy Hill",1,350000,646,2021-06,0
173108759,Millbrook Park,"Yarrow Apartments, Bittacy Hill",1,350000,614,2020-02,0
154606154,Millbrook Park,"Yarrow Apartments, Bittacy Hill",1,350000,,2020-02,0
90742605,Millbrook Park,Bittacy Hill,1,350000,,2020-02,0
93494532,Millbrook Park,"Callow House, Medawar Drive",1,375000,,2019-12,0
92108340,Millbrook Park,Foxglove Apartments,2,480000,,2020-05,0
89210115,Colindale Gardens,Hoy Close,1,385000,574,2020-08,0
91007964,Colindale Gardens,Hoy Close,1,375000,,2020-08,0
165792278,Colindale Gardens,Sanday Drive,1,370000,534,2024-10,1
93062913,Colindale Gardens,144 Colindale Avenue（Redrow 新房）,1,400000,,开发商新房,1
89908887,The Brentford Project,The Brentford Project,1,400000,,2023（开发商公布）,1
172987259,The Brentford Project,Lewis House,1,390000,,2023（开发商公布）,1
88752630,The Brentford Project,"Lewis House, Bradshaw Yard",1,390000,,2023（开发商公布）,1
93280173,Kidbrooke Village,"Borsberry House, Henley Cross（Kidbrooke Square）",1,290000,,2025–26 新期（PPD 尚未收录）,1
93592890,Kidbrooke Village,Henley Cross（Kidbrooke Square）,1,330000,,2025–26 新期（PPD 尚未收录）,1
92590263,Kidbrooke Village,Henley Cross（Kidbrooke Square）,1,310000,590,2025–26 新期（PPD 尚未收录）,1
92221503,Kidbrooke Village,"Loder House, Anderson Road",1,325000,551,2021-04,0
173044043,Kidbrooke Village,Anderson Road,1,350000,,2021-04,0
89419440,Kidbrooke Village,Whittle Road,1,315000,,2021-09,0
92912361,Kidbrooke Village,Astell Road,1,325000,,2024-09,1
92297799,Kidbrooke Village,Pegler Square（Berkeley 新房）,1,385000,555,开发商新房,1
154761395,Kidbrooke Village,"Cobham House, Pegler Square",2,480000,,2020-10,0
93159387,Kidbrooke Village,Pegler Square（Berkeley 新房）,2,475000,731,开发商新房,1
92346756,Kidbrooke Village,Whittle Road,2,470000,672,2021-09,0
174035663,Kidbrooke Village,"Bufton House, Astell Road",2,465000,,2024-09,1
92353479,Kidbrooke Village,Birch House,2,460000,,2020-01,0
172953791,Kidbrooke Village,"Loder House, Anderson Road",2,459000,,2021-04,0
168345455,Kidbrooke Village,"Birch House, Pegler Square",2,450000,731,2020-01,0
91924536,Kidbrooke Village,Plowden Road,2,475000,,2021-06,0
